Timestamp,Category,Source,Severity,Event Type,Details
13/07/2026 12:53:49 PM,workflow,geometry,INFO,ShapeChangedEvent,"Created Box (Label: 'Box') [a=20.0, b=20.0, c=20.0]"
13/07/2026 12:53:49 PM,workflow,geometry,INFO,ShapeChangedEvent,"Created Box (Label: 'Box') [a=20.0, b=20.0, c=20.0]"
13/07/2026 12:54:08 PM,session,persistence,INFO,SessionSavedEvent,Saved session 'D:/UFAMeasy_Workspace/UFAMeasy/slice/fdvgfbgfgnhgnhnghmhjhjnhbg/Unnamed.FCStd' with 0 slices
13/07/2026 12:54:08 PM,session,persistence,INFO,SessionSavedEvent,Saved session 'D:/UFAMeasy_Workspace/UFAMeasy/slice/fdvgfbgfgnhgnhnghmhjhjnhbg/Unnamed.FCStd' with 0 slices
13/07/2026 12:54:11 PM,workflow,slicing,INFO,SliceStartedEvent,schema_version: 1 | log: True | slice_index: 1 | output_path: D:\UFAMeasy_Workspace\UFAMeasy\slice\fdvgfbgfgnhgnhnghmhjhjnhbg | plane_count: 0
13/07/2026 12:54:11 PM,workflow,slicing,INFO,SliceStartedEvent,schema_version: 1 | log: True | slice_index: 1 | output_path: D:\UFAMeasy_Workspace\UFAMeasy\slice\fdvgfbgfgnhgnhnghmhjhjnhbg | plane_count: 0
13/07/2026 12:54:11 PM,workflow,slicing,INFO,SliceCompletedEvent,schema_version: 1 | log: True | slice_index: 1 | filename: slice_1.stl | output_path: D:\UFAMeasy_Workspace\UFAMeasy\slice\fdvgfbgfgnhgnhnghmhjhjnhbg | z_offset: 0.0 | center_x: 10.0 | center_y: 10.0 | duration_ms: 140.9999999741558
13/07/2026 12:54:11 PM,workflow,slicing,INFO,SliceCompletedEvent,schema_version: 1 | log: True | slice_index: 1 | filename: slice_1.stl | output_path: D:\UFAMeasy_Workspace\UFAMeasy\slice\fdvgfbgfgnhgnhnghmhjhjnhbg | z_offset: 0.0 | center_x: 10.0 | center_y: 10.0 | duration_ms: 140.9999999741558
13/07/2026 12:54:12 PM,session,session_sidecar,INFO,SessionSavedEvent,Saved session 'D:\UFAMeasy_Workspace\UFAMeasy\slice\fdvgfbgfgnhgnhnghmhjhjnhbg\Unnamed.ufamsession.json' with 1 slices
13/07/2026 12:54:12 PM,session,session_sidecar,INFO,SessionSavedEvent,Saved session 'D:\UFAMeasy_Workspace\UFAMeasy\slice\fdvgfbgfgnhgnhnghmhjhjnhbg\Unnamed.ufamsession.json' with 1 slices
13/07/2026 12:55:54 PM,workflow,slicing,INFO,SliceStartedEvent,schema_version: 1 | log: True | slice_index: 1 | output_path: D:\UFAMeasy_Workspace\UFAMeasy\slice\fdvgfbgfgnhgnhnghmhjhjnhbg | plane_count: 1
13/07/2026 12:55:54 PM,workflow,slicing,INFO,SliceStartedEvent,schema_version: 1 | log: True | slice_index: 1 | output_path: D:\UFAMeasy_Workspace\UFAMeasy\slice\fdvgfbgfgnhgnhnghmhjhjnhbg | plane_count: 1
13/07/2026 12:55:54 PM,workflow,slicing,INFO,SliceCompletedEvent,schema_version: 1 | log: True | slice_index: 1 | filename: slice_1.stl | output_path: D:\UFAMeasy_Workspace\UFAMeasy\slice\fdvgfbgfgnhgnhnghmhjhjnhbg | z_offset: 0.0 | center_x: 10.0 | center_y: 10.0 | duration_ms: 15.999999974155799
13/07/2026 12:55:54 PM,workflow,slicing,INFO,SliceCompletedEvent,schema_version: 1 | log: True | slice_index: 1 | filename: slice_1.stl | output_path: D:\UFAMeasy_Workspace\UFAMeasy\slice\fdvgfbgfgnhgnhnghmhjhjnhbg | z_offset: 0.0 | center_x: 10.0 | center_y: 10.0 | duration_ms: 15.999999974155799
13/07/2026 12:55:54 PM,workflow,slicing,INFO,SliceStartedEvent,schema_version: 1 | log: True | slice_index: 2 | output_path: D:\UFAMeasy_Workspace\UFAMeasy\slice\fdvgfbgfgnhgnhnghmhjhjnhbg | plane_count: 1
13/07/2026 12:55:54 PM,workflow,slicing,INFO,SliceStartedEvent,schema_version: 1 | log: True | slice_index: 2 | output_path: D:\UFAMeasy_Workspace\UFAMeasy\slice\fdvgfbgfgnhgnhnghmhjhjnhbg | plane_count: 1
13/07/2026 12:55:55 PM,workflow,slicing,INFO,SliceCompletedEvent,schema_version: 1 | log: True | slice_index: 2 | filename: slice_2.stl | output_path: D:\UFAMeasy_Workspace\UFAMeasy\slice\fdvgfbgfgnhgnhnghmhjhjnhbg | z_offset: 8.0 | center_x: 10.0 | center_y: 10.0 | duration_ms: 16.00000000325963
13/07/2026 12:55:55 PM,workflow,slicing,INFO,SliceCompletedEvent,schema_version: 1 | log: True | slice_index: 2 | filename: slice_2.stl | output_path: D:\UFAMeasy_Workspace\UFAMeasy\slice\fdvgfbgfgnhgnhnghmhjhjnhbg | z_offset: 8.0 | center_x: 10.0 | center_y: 10.0 | duration_ms: 16.00000000325963
13/07/2026 12:55:55 PM,session,session_sidecar,INFO,SessionSavedEvent,Saved session 'D:\UFAMeasy_Workspace\UFAMeasy\slice\fdvgfbgfgnhgnhnghmhjhjnhbg\Unnamed.ufamsession.json' with 2 slices
13/07/2026 12:55:55 PM,session,session_sidecar,INFO,SessionSavedEvent,Saved session 'D:\UFAMeasy_Workspace\UFAMeasy\slice\fdvgfbgfgnhgnhnghmhjhjnhbg\Unnamed.ufamsession.json' with 2 slices
